,Ax,Ay,Az,Gx,Gy,Gz
0,-1.08,0.75,9.92,0.12,0.01,0.22
1,-1.08,0.75,9.91,0.04,-0.10,0.14
2,-1.08,0.75,9.91,-0.01,0.03,0.18
3,-1.08,0.75,9.91,-0.01,-0.05,0.31
4,-1.08,0.74,9.91,0.00,-0.27,0.31
5,-1.08,0.74,9.91,0.10,-0.18,0.21
6,-1.08,0.74,9.91,-0.07,-0.05,0.19
7,-1.08,0.75,9.91,-0.02,-0.35,0.23
8,-1.08,0.75,9.91,-0.01,-0.20,0.41
9,-1.08,0.75,9.91,0.13,-0.05,0.23
10,-1.08,0.75,9.91,-0.02,-0.11,0.21
11,-1.09,0.75,9.92,-0.08,-0.05,0.27
12,-1.09,0.75,9.92,0.06,-0.06,0.24
13,-1.09,0.75,9.92,-0.04,0.14,0.23
14,-1.08,0.75,9.92,-0.03,-0.02,0.13
15,-1.08,0.75,9.92,-0.03,-0.06,0.17
16,-1.08,0.75,9.92,0.06,-0.10,0.15
17,-1.08,0.75,9.91,-0.03,-0.09,0.20
18,-1.08,0.75,9.91,-0.02,-0.11,0.25
19,-1.08,0.75,9.91,-0.03,0.04,0.28
20,-1.09,0.75,9.92,-0.03,-0.11,0.28
21,-1.09,0.75,9.92,-0.09,0.11,0.22
22,-1.09,0.75,9.92,0.03,-0.14,0.27
23,-1.08,0.75,9.91,-0.03,-0.19,0.26
24,-1.08,0.75,9.91,0.03,-0.17,0.30
25,-1.08,0.75,9.91,0.02,-0.18,0.26
26,-1.08,0.75,9.91,0.05,0.01,0.23
27,-1.09,0.75,9.92,-0.04,-0.16,0.19
28,-1.09,0.75,9.92,-0.09,-0.01,0.28
29,-1.09,0.75,9.92,-0.02,-0.02,0.10
30,-1.09,0.75,9.90,-0.03,0.05,0.23
31,-1.09,0.75,9.90,0.04,-0.18,0.17
32,-1.09,0.75,9.90,0.03,-0.01,0.17
33,-1.08,0.75,9.91,-0.03,0.01,0.19
34,-1.08,0.75,9.91,0.01,-0.25,0.30
35,-1.08,0.75,9.91,0.04,-0.28,0.33
36,-1.09,0.74,9.92,-0.06,-0.15,0.20
37,-1.09,0.74,9.92,0.05,-0.14,0.15
38,-1.09,0.74,9.92,0.13,-0.22,0.21
39,-1.09,0.75,9.91,0.02,-0.27,0.26
40,-1.09,0.75,9.91,0.05,-0.14,0.24
41,-1.09,0.75,9.91,-0.04,-0.03,0.26
42,-1.09,0.75,9.91,-0.04,-0.12,0.18
43,-1.09,0.76,9.91,-0.09,-0.06,0.06
44,-1.09,0.76,9.91,-0.02,-0.22,0.26
45,-1.09,0.76,9.91,0.03,-0.11,0.29
46,-1.09,0.75,9.92,0.04,-0.07,0.29
47,-1.09,0.75,9.92,0.06,-0.13,0.26
48,-1.09,0.75,9.92,0.05,-0.02,0.10
49,-1.08,0.75,9.91,-0.03,-0.06,0.28
50,-1.08,0.75,9.91,-0.11,-0.24,0.38
51,-1.08,0.75,9.91,0.08,0.02,0.27
52,-1.08,0.75,9.92,-0.03,-0.17,0.31
53,-1.08,0.75,9.92,0.02,-0.02,0.27
54,-1.08,0.75,9.92,-0.03,-0.03,0.25
55,-1.08,0.75,9.92,-0.03,-0.27,0.24
56,-1.08,0.76,9.91,0.13,-0.13,0.25
57,-1.08,0.76,9.91,0.05,-0.04,0.17
58,-1.08,0.76,9.91,0.06,-0.04,0.19
59,-1.08,0.75,9.91,0.00,-0.06,0.32
60,-1.08,0.75,9.91,0.09,-0.01,0.29
61,-1.08,0.75,9.91,-0.10,0.14,0.18
62,-1.08,0.75,9.92,-0.05,-0.14,0.23
63,-1.08,0.75,9.92,-0.06,-0.08,0.29
64,-1.08,0.75,9.92,0.08,-0.06,0.31
65,-1.09,0.75,9.92,-0.06,-0.16,0.24
66,-1.09,0.75,9.92,-0.02,0.07,0.13
67,-1.09,0.75,9.92,-0.06,-0.06,0.20
68,-1.09,0.75,9.92,-0.02,-0.33,0.29
69,-1.07,0.75,9.91,0.03,-0.09,0.24
70,-1.07,0.75,9.91,-0.09,-0.06,0.13
71,-1.07,0.75,9.91,0.04,-0.05,0.24
72,-1.09,0.74,9.93,0.05,-0.03,0.20
73,-1.09,0.74,9.93,-0.05,-0.13,0.35
74,-1.09,0.74,9.93,0.02,0.00,0.29
75,-1.09,0.74,9.92,0.00,-0.13,0.18
76,-1.09,0.75,9.92,-0.07,-0.17,0.20
77,-1.09,0.75,9.92,0.01,-0.19,0.29
78,-1.08,0.76,9.91,0.08,-0.04,0.22
79,-1.08,0.76,9.91,-0.07,-0.06,0.31
80,-1.08,0.76,9.91,0.02,-0.35,0.17
81,-1.08,0.76,9.91,-0.00,-0.07,0.15
82,-1.09,0.75,9.92,-0.05,-0.00,0.30
83,-1.09,0.75,9.92,-0.02,-0.09,0.16
84,-1.09,0.75,9.92,0.05,-0.15,0.12
85,-1.08,0.75,9.92,0.08,-0.06,0.20
86,-1.08,0.75,9.92,0.05,-0.04,0.30
87,-1.08,0.75,9.92,0.03,-0.09,0.16
88,-1.08,0.75,9.91,0.04,-0.08,0.28
89,-1.08,0.75,9.91,-0.07,0.00,0.25
90,-1.08,0.75,9.91,0.03,-0.25,0.22
91,-1.09,0.75,9.91,0.01,0.10,0.24
92,-1.09,0.75,9.91,-0.03,-0.21,0.23
93,-1.09,0.75,9.91,0.02,-0.17,0.31
94,-1.09,0.75,9.92,-0.02,-0.19,0.23
95,-1.08,0.75,9.92,0.01,-0.03,0.21
96,-1.08,0.75,9.92,-0.05,0.06,0.24
97,-1.08,0.75,9.92,-0.02,0.03,0.21
98,-1.09,0.75,9.92,0.11,-0.09,0.27
99,-1.09,0.75,9.92,-0.09,0.02,0.33
100,-1.09,0.75,9.92,-0.02,-0.10,0.27
101,-1.09,0.76,9.92,-0.04,-0.11,0.18
102,-1.09,0.76,9.92,0.04,0.03,0.29
103,-1.09,0.76,9.92,-0.02,-0.03,0.24
104,-1.08,0.76,9.92,-0.00,-0.02,0.22
105,-1.08,0.76,9.92,-0.06,-0.09,0.23
106,-1.08,0.76,9.92,-0.13,0.06,0.28
107,-1.09,0.75,9.91,-0.01,0.02,0.27
108,-1.09,0.75,9.91,-0.10,-0.04,0.28
109,-1.09,0.75,9.91,0.16,-0.02,0.27
110,-1.09,0.75,9.91,-0.03,-0.08,0.16
111,-1.08,0.76,9.92,0.00,-0.15,0.26
112,-1.08,0.76,9.92,0.06,-0.16,0.28
113,-1.08,0.76,9.92,0.05,-0.08,0.25
114,-1.09,0.75,9.91,0.16,-0.03,0.20
115,-1.09,0.75,9.91,0.03,0.06,0.31
116,-1.09,0.75,9.91,-0.02,-0.24,0.29
117,-1.09,0.75,9.92,0.08,-0.17,0.12
118,-1.09,0.75,9.92,0.05,-0.28,0.35
119,-1.09,0.75,9.92,0.05,-0.27,0.20
120,-1.08,0.76,9.92,-0.00,-0.09,0.31
121,-1.08,0.76,9.92,0.08,-0.28,0.30
122,-1.08,0.76,9.92,0.03,-0.05,0.18
123,-1.08,0.76,9.92,-0.03,-0.02,0.28
124,-1.08,0.76,9.93,0.03,0.08,0.19
125,-1.08,0.76,9.93,0.10,-0.24,0.24
126,-1.08,0.76,9.93,0.02,-0.16,0.34
127,-1.08,0.75,9.91,0.11,-0.11,0.32
128,-1.08,0.75,9.91,0.00,-0.03,0.23
129,-1.08,0.75,9.91,-0.01,-0.12,0.28
130,-1.09,0.76,9.91,0.06,-0.06,0.21
131,-1.09,0.76,9.91,0.07,-0.07,0.33
132,-1.09,0.76,9.91,-0.06,0.02,0.16
133,-1.09,0.75,9.92,0.01,0.02,0.14
134,-1.09,0.75,9.92,-0.04,-0.14,0.20
135,-1.09,0.75,9.92,0.06,-0.02,0.19
136,-1.09,0.75,9.91,-0.13,-0.11,0.18
137,-1.08,0.75,9.91,-0.04,-0.00,0.29
138,-1.08,0.75,9.91,-0.14,-0.10,0.16
139,-1.08,0.75,9.91,-0.06,-0.10,0.26
140,-1.09,0.76,9.91,-0.04,0.00,0.26
141,-1.09,0.76,9.91,0.06,0.06,0.21
142,-1.09,0.76,9.91,0.11,-0.20,0.21
143,-1.08,0.76,9.91,0.00,-0.27,0.16
144,-1.08,0.76,9.91,-0.03,-0.20,0.35
145,-1.08,0.76,9.91,0.08,-0.06,0.14
146,-1.09,0.75,9.91,0.05,-0.09,0.10
147,-1.09,0.75,9.91,0.05,-0.11,0.24
148,-1.09,0.75,9.91,0.00,-0.21,0.13
149,-1.08,0.75,9.91,0.02,-0.19,0.22
150,-1.08,0.75,9.91,0.05,-0.15,0.25
151,-1.08,0.75,9.91,0.05,0.01,0.33
152,-1.09,0.75,9.92,0.07,-0.15,0.21
153,-1.09,0.75,9.92,0.14,-0.14,0.16
154,-1.09,0.75,9.92,-0.03,-0.08,0.26
155,-1.09,0.75,9.92,0.01,0.01,0.21
156,-1.09,0.75,9.92,0.02,-0.12,0.25
157,-1.09,0.75,9.92,0.00,0.05,0.19
158,-1.09,0.75,9.92,-0.06,0.03,0.33
159,-1.08,0.75,9.91,-0.02,0.02,0.19
160,-1.08,0.75,9.91,0.11,-0.17,0.23
161,-1.08,0.75,9.91,0.09,-0.16,0.16
162,-1.09,0.75,9.91,0.04,-0.20,0.20
163,-1.09,0.75,9.91,0.05,-0.11,0.29
164,-1.09,0.75,9.91,0.00,-0.12,0.27
165,-1.08,0.75,9.91,0.10,-0.05,0.25
166,-1.08,0.75,9.91,-0.06,-0.16,0.27
167,-1.08,0.75,9.91,-0.05,-0.19,0.19
168,-1.09,0.75,9.91,0.03,0.03,0.26
169,-1.09,0.75,9.91,0.08,0.11,0.25
170,-1.09,0.75,9.91,0.00,-0.16,0.34
171,-1.09,0.75,9.91,-0.03,0.06,0.20
172,-1.09,0.76,9.91,-0.02,-0.02,0.16
173,-1.09,0.76,9.91,0.13,0.03,0.14
174,-1.09,0.76,9.91,0.05,-0.15,0.18
175,-1.09,0.74,9.93,0.06,-0.11,0.28
176,-1.09,0.74,9.93,-0.04,0.12,0.24
177,-1.09,0.74,9.93,0.17,-0.20,0.25
178,-1.09,0.75,9.91,-0.05,0.04,0.13
179,-1.09,0.75,9.91,-0.04,-0.13,0.36
180,-1.09,0.75,9.91,0.08,-0.16,0.30
181,-1.08,0.75,9.92,0.04,-0.15,0.27
182,-1.08,0.75,9.92,-0.00,-0.06,0.20
183,-1.08,0.75,9.92,0.11,-0.17,0.27
184,-1.09,0.75,9.91,0.09,-0.02,0.23
185,-1.09,0.75,9.91,0.05,-0.10,0.24
186,-1.09,0.75,9.91,0.03,-0.06,0.26
187,-1.09,0.75,9.91,-0.02,-0.08,0.28
188,-1.08,0.75,9.91,0.03,-0.19,0.26
189,-1.08,0.75,9.91,0.00,-0.23,0.25
190,-1.08,0.75,9.91,0.01,0.02,0.23
191,-1.08,0.75,9.92,0.07,-0.09,0.31
192,-1.08,0.75,9.92,0.09,-0.13,0.26
193,-1.08,0.75,9.92,0.00,-0.07,0.21
194,-1.08,0.75,9.92,0.06,-0.09,0.19
195,-1.08,0.75,9.92,-0.05,-0.06,0.35
196,-1.08,0.75,9.92,-0.11,-0.08,0.29
197,-1.09,0.75,9.92,0.12,-0.11,0.32
198,-1.09,0.75,9.92,0.11,-0.14,0.20
199,-1.09,0.75,9.92,0.03,-0.11,0.24
200,-1.09,0.75,9.92,0.02,-0.11,0.30
201,-1.09,0.75,9.92,0.05,-0.08,0.21
202,-1.09,0.75,9.92,-0.09,-0.21,0.16
203,-1.09,0.75,9.92,0.06,-0.04,0.25
204,-1.08,0.75,9.91,0.13,-0.12,0.21
205,-1.08,0.75,9.91,0.06,-0.14,0.28
206,-1.08,0.75,9.91,-0.06,-0.00,0.26
207,-1.08,0.76,9.91,0.06,-0.11,0.27
208,-1.08,0.76,9.91,0.07,-0.19,0.25
209,-1.08,0.76,9.91,-0.06,-0.14,0.28
210,-1.09,0.75,9.92,0.03,-0.19,0.17
211,-1.09,0.75,9.92,-0.05,-0.02,0.09
212,-1.09,0.75,9.92,0.02,0.03,0.11
213,-1.09,0.75,9.92,0.00,-0.03,0.21
214,-1.09,0.75,9.92,0.03,-0.16,0.27
215,-1.09,0.75,9.92,-0.03,-0.16,0.34
216,-1.09,0.75,9.92,-0.15,-0.09,0.19
217,-1.09,0.75,9.91,-0.05,-0.16,0.25
218,-1.09,0.75,9.91,-0.06,-0.16,0.23
219,-1.09,0.75,9.91,-0.03,-0.05,0.35
220,-1.08,0.75,9.92,-0.03,-0.09,0.16
221,-1.08,0.75,9.92,-0.08,-0.14,0.21
222,-1.08,0.75,9.92,0.08,-0.21,0.25
223,-1.09,0.75,9.92,0.11,-0.01,0.20
224,-1.09,0.75,9.92,-0.11,0.02,0.28
225,-1.09,0.75,9.92,0.04,-0.10,0.33
226,-1.08,0.75,9.93,0.07,-0.06,0.27
227,-1.08,0.75,9.93,0.06,-0.05,0.25
228,-1.08,0.75,9.93,-0.01,-0.11,0.20
229,-1.08,0.75,9.91,-0.03,0.15,0.16
230,-1.08,0.75,9.91,0.08,-0.38,0.38
231,-1.08,0.75,9.91,0.03,0.00,0.24
232,-1.08,0.75,9.91,0.08,-0.14,0.19
233,-1.08,0.75,9.91,0.08,-0.26,0.22
234,-1.08,0.75,9.91,0.04,-0.11,0.24
235,-1.08,0.75,9.91,0.10,-0.08,0.21
236,-1.09,0.75,9.93,0.06,-0.14,0.24
237,-1.09,0.75,9.93,-0.07,-0.23,0.35
238,-1.09,0.75,9.93,0.09,-0.06,0.21
239,-1.08,0.76,9.92,0.03,-0.27,0.19
240,-1.08,0.76,9.92,-0.06,-0.32,0.24
241,-1.08,0.76,9.92,0.07,-0.05,0.19
242,-1.08,0.75,9.92,-0.04,0.02,0.17
243,-1.08,0.75,9.92,-0.01,-0.17,0.16
244,-1.08,0.75,9.92,-0.06,-0.07,0.28
245,-1.08,0.75,9.91,-0.03,-0.04,0.13
246,-1.08,0.75,9.91,-0.05,-0.01,0.32
247,-1.08,0.75,9.91,-0.06,-0.02,0.17
248,-1.08,0.75,9.91,-0.02,-0.07,0.18
249,-1.08,0.76,9.90,-0.11,0.00,0.21
250,-1.08,0.76,9.90,-2.15,1.82,26.57
251,-1.05,0.75,9.90,-17.51,124.51,29.89
252,3.62,0.35,8.76,-20.50,124.51,30.01
253,-0.68,-0.89,9.58,27.57,-40.45,-4.13
254,0.56,-0.71,10.00,0.20,-5.51,-2.88
255,0.74,-0.50,9.85,5.32,28.43,4.47
256,0.74,-0.50,9.85,2.69,-20.88,-4.13
257,0.05,-1.35,9.75,1.09,2.59,-1.18
258,0.48,-0.67,9.74,0.36,2.16,-1.39
259,4.27,6.14,7.77,-124.51,124.51,23.15
260,1.50,-2.44,8.25,-124.51,124.49,21.66
261,1.50,-2.44,8.25,-124.51,123.43,23.24
262,-0.35,-5.21,5.88,-124.51,105.50,20.92
263,-0.35,-5.21,5.88,-124.51,103.07,19.57
264,-0.35,-5.21,5.88,-124.51,102.03,14.20
265,-1.94,-7.15,3.89,-115.81,100.97,13.18
266,-1.94,-7.15,3.89,-88.64,90.67,11.70
267,-1.94,-7.15,3.89,-70.60,69.56,10.75
268,-2.75,-8.22,3.03,-41.60,43.89,3.29
269,-2.75,-8.22,3.03,0.24,31.46,-1.95
270,-2.75,-8.22,3.03,55.88,31.73,4.39
271,-2.75,-8.22,3.03,89.61,33.03,17.35
272,-2.42,-8.17,1.63,124.50,29.20,25.08
273,-2.42,-8.17,1.63,124.51,10.65,42.54
274,-2.42,-8.17,1.63,124.51,-8.94,58.98
275,-2.06,-6.67,3.59,124.51,-11.34,76.32
276,-2.06,-6.67,3.59,124.51,-19.01,75.41
277,-2.06,-6.67,3.59,124.51,-31.69,67.29
278,-4.15,-5.52,7.55,124.51,-55.57,52.17
279,-4.15,-5.52,7.55,124.51,-49.22,45.37
280,-4.15,-5.52,7.55,124.51,-39.47,46.36
281,-4.09,-3.63,9.28,124.51,-76.56,42.28
282,-4.09,-3.63,9.28,124.51,-86.78,43.21
283,-4.09,-3.63,9.28,124.51,-97.12,46.79
284,-2.75,-1.54,9.36,124.51,-120.79,47.90
285,-2.75,-1.54,9.36,124.51,-121.66,50.13
286,-2.75,-1.54,9.36,124.51,-111.54,42.90
287,-2.75,-1.54,9.36,124.51,-117.28,40.16
288,-2.20,0.34,10.09,124.51,-119.57,39.41
289,-2.20,0.34,10.09,124.51,-121.03,39.02
290,-2.20,0.34,10.09,124.51,-119.22,35.28
291,-1.02,2.07,10.09,124.51,-114.58,25.49
292,-1.02,2.07,10.09,117.12,-118.18,18.34
293,-1.02,2.07,10.09,112.39,-119.90,12.30
294,0.03,3.62,10.46,95.78,-113.76,7.37
295,0.03,3.62,10.46,58.81,-105.66,-0.74
296,0.03,3.62,10.46,13.03,-91.31,-5.62
297,1.86,4.85,10.72,-30.97,-94.85,-11.26
298,1.86,4.85,10.72,-60.46,-79.63,-2.48
299,1.86,4.85,10.72,-83.43,-55.94,11.20
300,1.86,4.90,9.83,-118.13,-48.90,17.70
301,3.54,4.90,9.83,-124.51,-31.11,19.28
302,3.54,4.90,9.83,-124.51,-0.12,17.07
303,3.54,4.90,9.83,-124.51,27.98,11.45
304,3.10,3.30,9.26,-124.51,48.34,11.53
305,3.10,3.30,9.26,-124.51,53.08,16.62
306,3.10,3.30,9.26,-124.51,51.12,22.15
307,2.77,1.25,8.69,-124.51,61.69,32.46
308,2.77,1.25,8.69,-124.51,101.05,36.38
309,2.77,1.25,8.69,-124.51,112.61,35.40
310,1.98,-1.19,8.69,-124.51,108.17,30.59
311,1.98,-1.19,8.69,-124.51,122.86,35.26
312,1.98,-1.19,8.69,-124.51,124.51,38.48
313,1.98,-1.19,8.69,-124.51,124.51,42.55
314,0.83,-3.27,7.79,-124.51,124.51,46.65
315,0.83,-3.27,7.79,-123.39,124.51,53.53
316,0.83,-3.27,7.79,-96.14,124.51,73.23
317,-0.70,-5.17,6.49,-87.18,124.51,87.04
318,-0.70,-5.17,6.49,-64.27,124.51,81.57
319,-0.70,-5.17,6.49,-36.39,122.55,61.02
320,-3.20,-5.72,5.51,8.11,117.94,59.21
321,-3.20,-5.72,5.51,27.08,124.51,67.56
322,-3.20,-5.72,5.51,59.05,122.81,75.40
323,-3.20,-5.71,5.18,66.09,71.35,63.58
324,-4.97,-5.71,5.18,89.55,78.07,69.07
325,-4.97,-5.71,5.18,95.96,81.19,71.22
326,-4.97,-5.71,5.18,94.18,66.75,64.01
327,-6.62,-4.89,6.00,97.41,54.08,59.60
328,-6.62,-4.89,6.00,111.12,61.89,41.17
329,-6.62,-4.89,6.00,103.82,45.03,35.82
330,-7.48,-3.89,6.13,97.69,22.59,28.61
331,-7.48,-3.89,6.13,95.65,20.52,27.60
332,-7.48,-3.89,6.13,114.75,-1.49,27.02
333,-7.40,-2.79,6.02,124.49,-60.43,34.04
334,-7.40,-2.79,6.02,124.51,-116.76,44.44
335,-7.40,-2.79,6.02,124.51,-124.51,53.15
336,-7.11,-1.53,8.00,124.51,-124.51,60.80
337,-7.11,-1.53,8.00,124.51,-124.51,62.87
338,-7.11,-1.53,8.00,124.51,-124.51,61.57
339,-4.51,0.69,10.19,124.51,-124.51,47.12
340,-4.51,0.69,10.19,124.50,-124.51,37.77
341,-4.51,0.69,10.19,109.70,-124.51,27.95
342,-4.51,0.69,10.19,98.27,-124.51,34.50
343,-1.76,2.41,10.32,81.04,-124.51,35.19
344,-1.76,2.41,10.32,76.10,-124.51,33.88
345,-1.76,2.41,10.32,74.48,-124.51,34.33
346,-0.28,3.22,10.36,66.44,-124.51,35.50
347,-0.28,3.22,10.36,45.85,-124.51,35.96
348,-0.28,3.22,10.36,15.03,-124.51,29.75
349,1.40,3.73,10.47,-12.37,-124.51,16.08
350,1.40,3.73,10.47,-19.08,-124.51,18.21
351,1.40,3.73,10.47,-15.84,-124.51,32.68
352,3.52,3.74,8.97,-15.48,-124.51,49.43
353,3.52,3.74,8.97,-29.03,-124.51,59.67
354,3.52,3.74,8.97,-35.29,-122.33,70.48
355,3.52,3.50,8.26,-28.44,-124.51,85.62
356,5.33,3.50,8.26,-15.18,-124.51,103.46
357,5.33,3.50,8.26,-13.11,-124.51,107.10
358,5.33,3.50,8.26,-26.25,-122.87,111.74
359,6.73,2.85,6.73,-26.99,-109.50,118.51
360,6.73,2.85,6.73,-24.62,-121.30,122.20
361,6.73,2.85,6.73,-21.35,-124.51,111.72
362,7.32,1.83,5.43,-1.24,-124.51,95.57
363,7.32,1.83,5.43,-2.33,-124.51,92.18
364,7.32,1.83,5.43,12.90,-124.51,87.19
365,8.00,0.25,3.74,22.30,-124.51,74.34
366,8.00,0.25,3.74,24.26,-124.51,67.87
367,8.00,0.25,3.74,3.92,-124.51,51.52
368,8.00,0.25,3.74,-2.55,-124.51,32.02
369,8.31,-0.62,2.40,10.75,-124.39,26.16
370,8.31,-0.62,2.40,10.54,-124.50,27.58
371,8.31,-0.62,0.23,8.53,-116.79,24.57
372,9.06,-0.94,0.23,-1.01,-93.60,13.23
373,9.06,-0.94,0.23,3.20,-102.72,-0.32
374,9.06,-0.94,0.23,-4.39,-100.20,-9.77
375,8.68,-1.30,-0.89,-5.56,-65.75,-8.99
376,8.68,-1.30,-0.89,-4.58,-42.79,-8.41
377,8.68,-1.30,-0.89,-3.29,-50.43,-11.27
378,9.10,-0.93,-1.72,-5.94,-50.33,-11.09
379,9.10,-0.93,-1.72,-2.61,-20.37,-8.06
380,9.10,-0.93,-1.72,-1.16,-30.88,-12.61
381,9.36,-0.74,-1.98,-0.74,-25.27,-13.36
382,9.36,-0.74,-1.98,-0.21,-11.00,-5.02
383,9.36,-0.74,-1.98,0.48,-14.02,-1.20
384,9.36,-0.74,-1.98,-0.16,1.05,2.11
385,9.64,-0.52,-2.25,3.30,7.32,2.40
386,9.64,-0.52,-2.25,2.91,12.39,0.25
387,9.64,-0.52,-2.25,1.97,20.79,1.61
388,9.10,-0.77,-2.46,4.35,55.19,6.12
389,9.10,-0.77,-2.46,2.42,102.21,21.07
390,9.10,-0.77,-2.46,2.50,124.51,36.01
391,9.47,-0.35,-2.94,3.70,124.51,43.48
392,9.47,-0.35,-2.94,7.65,124.51,56.40
393,9.47,-0.35,-2.94,6.70,124.51,68.16
394,9.53,-0.73,-0.74,6.04,124.51,72.61
395,9.53,-0.73,-0.74,0.54,124.51,67.70
396,9.53,-0.73,-0.74,-12.45,124.51,65.53
397,9.53,-0.73,-0.74,-19.97,124.51,70.39
398,7.59,-1.79,3.82,-20.06,124.51,79.27
399,7.59,-1.79,3.82,-11.49,124.51,76.88
400,7.59,-1.79,3.82,-5.53,124.51,69.87
401,4.51,-2.68,6.12,-5.10,124.51,59.93
402,4.51,-2.68,6.12,-12.90,124.51,62.62
403,4.51,-2.68,6.12,-18.73,124.51,64.89
404,1.41,-2.93,8.16,-19.85,124.51,60.91
405,1.41,-2.93,8.16,-2.40,124.51,65.57
406,1.41,-2.93,8.16,-2.48,124.51,63.45
407,-2.47,-3.25,8.21,-5.82,124.51,49.67
408,-2.47,-3.25,8.21,-19.77,124.51,42.52
409,-2.47,-3.25,8.21,-30.51,124.51,39.15
410,-2.47,-3.25,8.14,-28.27,124.51,36.93
411,-6.38,-3.32,8.14,-30.14,124.51,29.02
412,-6.38,-3.32,8.14,-39.28,124.51,17.60
413,-6.38,-3.32,8.14,-40.69,124.51,15.08
414,-8.52,-3.62,5.95,-35.77,124.51,18.72
415,-8.52,-3.62,5.95,-31.42,124.51,19.22
416,-8.52,-3.62,5.95,-22.75,124.51,15.25
417,-9.74,-3.70,4.04,-15.41,120.30,9.65
418,-9.74,-3.70,4.04,-17.10,98.65,3.29
419,-9.74,-3.70,4.04,-10.86,116.24,5.91
420,-10.08,-3.70,2.49,-4.78,81.42,2.66
421,-10.08,-3.70,2.49,-6.61,64.30,-1.10
422,-10.08,-3.70,2.49,-7.87,67.09,-0.74
423,-10.08,-3.56,1.82,-6.60,63.30,-2.88
424,-9.92,-3.56,1.82,-6.98,36.65,-10.41
425,-9.92,-3.56,1.82,-9.81,35.95,-11.09
426,-9.92,-3.56,1.82,-16.70,17.86,-9.90
427,-9.88,-3.62,1.43,-15.44,-94.73,-7.06
428,-9.88,-3.62,1.43,-6.54,-87.96,-9.55
429,-9.88,-3.62,1.43,-22.24,-27.00,-15.46
430,-9.45,-3.61,1.54,-10.72,15.31,-6.29
431,-9.45,-3.61,1.54,-6.86,-20.94,-4.51
432,-9.45,-3.61,1.54,4.30,-40.39,-2.38
433,-9.50,-3.73,1.38,17.00,-100.42,-3.17
434,-9.50,-3.73,1.38,10.10,-110.18,-6.50
435,-9.50,-3.73,1.38,15.44,-119.74,-4.28
436,-8.81,-3.47,2.48,28.19,-124.51,-0.14
437,-8.81,-3.47,2.48,34.86,-124.51,-0.84
438,-8.81,-3.47,2.48,43.46,-124.51,-10.21
439,-8.81,-3.47,3.81,36.28,-124.51,-15.41
440,-8.92,-3.71,3.81,31.60,-124.51,-22.20
441,-8.92,-3.71,3.81,44.65,-124.51,-25.86
442,-8.92,-3.71,3.81,67.29,-124.51,-31.90
443,-8.53,-3.85,5.93,82.92,-124.51,-39.59
444,-8.53,-3.85,5.93,85.45,-124.51,-43.12
445,-8.53,-3.85,5.93,73.31,-124.51,-44.75
446,-5.51,-3.29,7.96,66.26,-124.51,-38.62
447,-5.51,-3.29,7.96,68.90,-124.51,-37.27
448,-5.51,-3.29,7.96,79.97,-124.51,-39.83
449,-2.68,-2.76,8.51,82.03,-124.51,-38.81
450,-2.68,-2.76,8.51,72.11,-124.51,-36.03
451,-2.68,-2.76,8.51,58.80,-124.51,-33.71
452,-0.25,-1.79,9.25,63.77,-124.51,-28.65
453,-0.25,-1.79,9.25,54.91,-124.51,-27.09
454,-0.25,-1.79,9.25,49.17,-124.51,-29.15
455,-0.25,-1.79,9.25,38.59,-124.47,-27.80
456,1.38,-1.12,9.55,40.22,-124.47,-19.12
457,1.38,-1.12,9.55,51.59,-124.51,-18.69
458,1.38,-1.12,9.55,65.14,-124.51,-23.94
459,2.91,-0.65,9.33,43.99,-124.51,-24.45
460,2.91,-0.65,9.33,40.27,-124.51,-8.68
461,2.91,-0.65,9.33,97.88,-124.51,-10.94
462,4.66,0.02,8.58,95.17,-124.51,-12.29
463,4.66,0.02,8.58,61.66,-124.51,-10.52
464,4.66,0.02,8.58,43.41,-124.51,-14.23
465,4.66,0.58,4.42,30.33,-124.51,-9.46
466,7.53,0.58,4.42,7.78,-124.51,-7.52
467,7.53,0.58,4.42,-2.02,-124.48,-3.69
468,7.53,0.58,4.42,0.40,-107.87,8.74
469,9.66,1.19,1.38,-3.12,-123.69,6.32
470,9.66,1.19,1.38,-22.85,-79.26,11.40
471,9.66,1.19,1.38,-21.55,-15.30,13.04
472,9.63,1.02,0.00,-8.08,-41.26,2.71
473,9.63,1.02,0.00,-17.93,-76.54,-8.93
474,9.63,1.02,0.00,-23.35,-42.74,-5.75
475,9.66,0.80,0.00,-14.57,-37.46,-2.40
476,9.66,0.80,0.00,-15.49,-62.02,-10.01
477,9.66,0.80,0.00,-27.58,-68.68,-18.33
478,9.62,0.91,-0.42,-24.67,-53.36,-16.41
479,9.62,0.91,-0.42,-16.30,-25.40,-8.69
480,9.62,0.91,-0.42,-6.93,-22.86,-5.87
481,9.62,0.91,-0.42,-5.66,-38.55,-8.10
482,9.65,1.04,-0.91,-9.95,-10.30,-1.77
483,9.65,1.04,-0.91,-3.76,14.18,6.93
484,9.65,1.04,-0.91,2.94,4.15,5.51
485,9.83,1.05,-0.92,1.71,17.86,9.75
486,9.83,1.05,-0.92,3.16,3.31,7.62
487,9.83,1.05,-0.92,-3.01,7.83,6.27
488,9.64,0.92,-0.62,-0.27,22.61,12.10
489,9.64,0.92,-0.62,-4.43,29.86,15.04
490,9.64,0.92,-0.62,-5.19,60.40,21.17
491,9.56,0.83,-0.91,-8.32,79.42,28.56
492,9.56,0.83,-0.91,-17.00,124.20,36.93
493,9.56,0.83,-0.91,-28.54,124.51,52.66
494,9.56,0.87,-0.90,-33.15,124.51,59.77
495,9.76,0.87,-0.90,-35.72,124.51,65.80
496,9.76,0.87,-0.90,-35.56,124.51,73.56
497,9.76,0.87,-0.90,-42.73,124.51,73.63
498,8.51,0.09,3.35,-56.07,124.51,74.87
499,8.51,0.09,3.35,-62.28,124.51,70.54
500,8.51,0.09,3.35,-65.14,124.51,58.13
501,4.93,-1.34,6.86,-54.43,124.51,53.98
502,4.93,-1.34,6.86,-50.64,124.51,49.92
503,4.93,-1.34,6.86,-57.93,124.51,46.13
504,1.31,-2.02,8.07,-55.55,124.51,44.78
505,1.31,-2.02,8.07,-45.36,124.51,41.75
506,1.31,-2.02,8.07,-38.62,124.51,42.98
507,-2.40,-2.44,8.50,-35.30,124.51,41.65
508,-2.40,-2.44,8.50,-35.31,124.51,41.67
509,-2.40,-2.44,8.50,-34.40,124.51,39.63
510,-6.08,-2.90,8.13,-42.78,124.51,26.80
511,-6.08,-2.90,8.13,-44.29,124.51,19.97
512,-6.08,-2.90,8.13,-28.07,124.10,23.10
513,-6.08,-2.90,6.86,-15.55,85.75,24.08
514,-8.49,-3.36,6.86,-10.51,42.91,15.85
515,-8.49,-3.36,6.86,-6.26,18.52,5.93
516,-8.49,-3.36,6.86,-2.81,-2.42,0.03
517,-9.21,-3.50,6.22,3.45,-19.93,-2.36
518,-9.21,-3.50,6.22,1.05,-5.50,-2.80
519,-9.21,-3.50,6.22,-2.44,11.56,-4.04
520,-7.88,-3.20,6.03,-2.27,10.93,-4.72
521,-7.88,-3.20,6.03,-0.50,-3.56,-3.93
522,-7.88,-3.20,6.03,-1.59,-3.02,-2.06
523,-7.56,-3.09,5.96,-1.58,-4.35,-3.06
524,-7.56,-3.09,5.96,0.42,-2.52,-2.04
525,-7.56,-3.09,5.96,-1.14,6.57,-2.43
526,-7.56,-3.09,5.96,0.55,-1.96,-3.54
527,-7.61,-3.07,5.87,-0.17,-4.08,-2.38
528,-7.61,-3.07,5.87,0.28,1.66,0.74
529,-7.61,-3.07,5.87,0.67,-0.73,0.46
530,-7.54,-3.02,5.85,1.85,-5.31,0.54
531,-7.54,-3.02,5.85,-0.35,-8.29,0.19
532,-7.54,-3.02,5.85,-0.34,-3.84,0.82
533,-7.65,-3.03,5.87,0.08,-4.49,-0.04
534,-7.65,-3.03,5.87,1.70,-0.09,0.55
535,-7.65,-3.03,5.87,-0.21,1.33,0.46
536,-7.70,-3.08,6.01,0.33,-3.92,0.06
537,-7.70,-3.08,6.01,0.24,-5.43,-0.11
538,-7.70,-3.08,6.01,-0.83,-0.78,-0.33
539,-7.70,-3.08,6.00,-2.12,4.19,0.19
540,-7.62,-3.12,6.00,-2.29,0.30,-0.70
541,-7.62,-3.12,6.00,-1.82,-2.63,-0.94
542,-7.62,-3.12,6.00,-1.52,-9.44,-0.73
543,-7.64,-3.15,5.99,0.73,-13.76,0.58
544,-7.64,-3.15,5.99,-4.02,3.05,2.04
545,-7.64,-3.15,5.99,-2.76,9.93,1.18
546,-7.59,-3.09,5.95,-2.25,-1.77,-0.51
547,-7.59,-3.09,5.95,1.70,-16.23,-0.31
548,-7.59,-3.09,5.95,10.01,-35.53,1.85
549,-7.76,-3.19,5.87,17.08,-58.05,3.12
550,-7.76,-3.19,5.87,24.56,-82.79,1.30
551,-7.76,-3.19,5.87,31.30,-102.97,-0.28
552,-7.98,-3.25,6.61,55.70,-124.43,1.28
553,-7.98,-3.25,6.61,94.75,-124.51,-6.08
554,-7.98,-3.25,6.61,88.95,-124.51,-12.84
555,-6.54,-2.67,8.45,51.79,-124.51,-18.89
556,-6.54,-2.67,8.45,36.83,-109.93,-27.48
557,-6.54,-2.67,8.45,27.01,-94.65,-23.29
558,-6.54,-2.67,8.45,43.51,-117.05,-16.01
559,-3.17,-2.07,8.49,57.25,-124.51,-5.90
560,-3.17,-2.07,8.49,67.53,-124.51,-10.08
561,-3.17,-2.07,8.49,43.56,-124.42,-17.50
562,-1.98,-1.46,9.57,23.78,-88.40,-21.21
563,-1.98,-1.46,9.57,24.45,-54.78,-21.77
564,-1.98,-1.46,9.57,27.26,-51.96,-13.29
565,0.13,-0.86,8.81,21.94,-34.42,-4.51
566,0.13,-0.86,8.81,16.51,-13.18,-0.72
567,0.13,-0.86,8.81,16.93,-14.55,0.09
568,0.14,-0.61,9.59,22.84,-28.78,1.96
569,0.14,-0.61,9.59,19.77,-28.93,3.28
570,0.14,-0.61,9.59,13.36,-6.11,3.70
571,0.14,-0.61,9.59,13.64,-8.08,1.93
572,-0.22,-0.49,10.70,12.74,-16.36,-1.30
573,-0.22,-0.49,10.70,2.15,-20.84,-5.73
574,-0.22,-0.49,10.70,-15.75,-21.33,-10.30
575,-0.91,-0.42,13.33,-32.95,-24.27,-15.88
576,-0.91,-0.42,13.33,-38.16,-34.70,-18.67
577,-0.91,-0.42,13.33,-38.00,-65.35,-18.68
578,-0.93,-0.50,13.57,-49.05,-90.49,-20.34
579,-0.93,-0.50,13.57,-56.68,-103.01,-20.60
580,-0.93,-0.50,13.57,-66.71,-111.25,-20.17
581,0.30,-0.75,10.98,-74.13,-112.07,-15.91
582,0.30,-0.75,10.98,-88.76,-110.77,-6.90
583,0.30,-0.75,10.98,-99.37,-105.05,-3.21
584,0.30,-0.75,5.15,-80.25,-88.94,-3.32
585,2.44,-1.39,5.15,-38.85,-63.82,-1.50
586,2.44,-1.39,5.15,-9.56,-28.30,-1.01
587,2.44,-1.39,5.15,8.76,-10.93,-3.94
588,3.18,-2.55,0.60,32.81,-12.26,-5.68
589,3.18,-2.55,0.60,62.13,27.98,-5.35
590,3.18,-2.55,0.60,75.96,94.85,-5.87
591,2.89,-1.83,1.23,78.08,122.52,-7.14
592,2.89,-1.83,1.23,92.42,105.24,-2.34
593,2.89,-1.83,1.23,111.79,83.84,4.80
594,1.00,-0.23,7.30,107.01,86.83,5.46
595,1.00,-0.23,7.30,87.31,75.78,3.19
596,1.00,-0.23,7.30,88.51,71.49,1.38
597,-0.40,0.42,11.89,89.76,49.47,-1.48
598,-0.40,0.42,11.89,78.57,35.66,-6.08
599,-0.40,0.42,11.89,63.08,58.18,-8.92
600,-0.40,0.42,11.89,51.66,65.37,-8.66
601,-0.18,1.07,14.34,38.30,28.06,-8.10
602,-0.18,1.07,14.34,21.88,12.94,-10.05
603,-0.18,1.07,14.34,-2.56,26.18,-11.12
604,0.16,1.43,16.40,-13.46,17.92,-12.65
605,0.16,1.43,16.40,-27.04,-16.48,-10.72
606,0.16,1.43,16.40,-33.31,-20.86,-9.35
607,0.52,1.30,15.30,-46.80,-18.33,-10.20
608,0.52,1.30,15.30,-57.11,-11.77,-11.35
609,0.52,1.30,15.30,-68.61,-28.51,-13.89
610,-0.27,1.31,14.36,-87.31,-33.77,-17.05
611,-0.27,1.31,14.36,-100.11,-46.49,-22.57
612,-0.27,1.31,14.36,-105.63,-61.21,-25.21
613,-0.65,0.57,11.35,-98.67,-64.54,-25.18
614,-0.65,0.57,11.35,-96.46,-75.53,-26.89
615,-0.65,0.57,11.35,-89.65,-66.06,-26.82
616,-0.65,0.57,11.35,-83.06,-39.74,-23.39
617,1.17,-0.78,4.73,-64.66,-19.89,-19.20
618,1.17,-0.78,4.73,-39.28,-14.86,-16.06
619,1.17,-0.78,4.73,-12.57,-0.11,-13.46
620,2.20,-2.02,1.24,6.49,7.20,-10.70
621,2.20,-2.02,1.24,25.64,7.93,-2.64
622,2.20,-2.02,1.24,57.05,14.71,7.77
623,2.41,-1.74,1.36,74.07,39.77,10.37
624,2.41,-1.74,1.36,76.98,63.85,12.36
625,2.41,-1.74,1.36,82.81,72.02,14.94
626,0.77,-0.72,5.89,89.46,71.43,18.57
627,0.77,-0.72,5.89,93.55,70.84,20.69
628,0.77,-0.72,5.89,95.27,71.11,16.93
629,0.77,-0.72,5.89,95.08,67.53,9.54
630,-1.00,0.25,10.78,79.34,28.01,4.41
631,-1.00,0.25,10.78,61.96,35.58,6.74
632,-1.00,0.25,10.78,53.36,58.81,7.19
633,-0.49,1.15,14.17,40.53,41.17,4.14
634,-0.49,1.15,14.17,21.89,17.02,3.37
635,-0.49,1.15,14.17,2.58,21.53,1.59
636,-0.69,1.51,16.70,-21.99,23.59,-1.54
637,-0.69,1.51,16.70,-34.35,2.23,-4.75
638,-0.69,1.51,16.70,-44.13,-30.54,-8.24
639,-0.96,1.10,16.24,-54.24,-33.87,-8.74
640,-0.96,1.10,16.24,-71.01,-31.57,-12.14
641,-0.96,1.10,16.24,-83.71,-46.55,-15.42
642,-0.96,0.98,14.17,-87.80,-49.93,-15.76
643,-0.98,0.98,14.17,-95.79,-49.51,-20.15
644,-0.98,0.98,14.17,-102.35,-52.17,-22.89
645,-0.98,0.98,14.17,-102.27,-54.27,-27.29
646,-0.96,0.16,10.48,-101.12,-61.81,-31.19
647,-0.96,0.16,10.48,-93.65,-84.71,-32.61
648,-0.96,0.16,10.48,-78.34,-83.91,-28.44
649,0.88,-1.08,5.00,-60.45,-59.36,-20.39
650,0.88,-1.08,5.00,-36.86,-29.46,-13.03
651,0.88,-1.08,5.00,-12.23,-12.74,-8.20
652,2.74,-2.12,0.82,17.42,-21.64,-3.97
653,2.74,-2.12,0.82,42.81,-26.54,2.15
654,2.74,-2.12,0.82,59.70,17.72,10.96
655,2.74,-1.80,1.31,62.88,77.88,15.84
656,2.60,-1.80,1.31,67.15,76.39,17.04
657,2.60,-1.80,1.31,95.68,47.34,20.49
658,2.60,-1.80,1.31,96.40,78.50,22.97
659,0.24,-1.17,5.86,88.49,86.01,18.31
660,0.24,-1.17,5.86,86.93,31.69,14.91
661,0.24,-1.17,5.86,117.56,15.84,17.56
662,-0.71,-0.07,8.96,118.57,38.08,16.40
663,-0.71,-0.07,8.96,91.21,62.06,13.79
664,-0.71,-0.07,8.96,72.75,68.49,10.92
665,-1.07,1.69,13.63,71.62,56.35,9.17
666,-1.07,1.69,13.63,58.17,37.61,5.48
667,-1.07,1.69,13.63,30.20,35.45,-2.34
668,-1.68,1.98,17.40,4.90,48.75,-9.53
669,-1.68,1.98,17.40,-6.36,22.79,-12.98
670,-1.68,1.98,17.40,-19.77,-13.86,-15.90
671,-1.68,1.98,17.40,-37.49,-14.72,-15.02
672,-0.81,1.61,16.83,-50.92,-19.07,-13.71
673,-0.81,1.61,16.83,-55.51,-25.37,-11.61
674,-0.81,1.61,16.83,-66.26,-30.19,-9.84
675,-0.76,2.04,15.49,-95.30,-40.06,-14.65
676,-0.76,2.04,15.49,-113.96,-55.63,-20.44
677,-0.76,2.04,15.49,-120.16,-84.45,-22.84
678,-2.08,1.54,13.98,-122.72,-100.31,-24.87
679,-2.08,1.54,13.98,-124.48,-95.37,-25.60
680,-2.08,1.54,13.98,-123.80,-97.80,-27.77
681,-0.29,-0.06,6.63,-109.71,-101.39,-24.95
682,-0.29,-0.06,6.63,-86.08,-106.02,-19.27
683,-0.29,-0.06,6.63,-67.89,-89.62,-10.21
684,-0.29,-0.06,6.63,-33.10,-78.46,-3.96
685,2.25,-1.88,-0.01,-1.63,-48.10,-2.05
686,2.25,-1.88,-0.01,32.27,-46.57,-2.08
687,2.25,-1.88,-0.01,52.57,-32.08,-2.43
688,2.48,-2.60,-0.70,66.49,11.63,-0.37
689,2.48,-2.60,-0.70,76.85,68.16,1.86
690,2.48,-2.60,-0.70,78.84,98.90,1.57
691,1.67,-1.77,2.49,94.33,95.95,4.11
692,1.67,-1.77,2.49,115.30,71.26,11.22
693,1.67,-1.77,2.49,121.33,85.57,17.10
694,0.21,-0.09,8.27,91.80,98.27,12.13
695,0.21,-0.09,8.27,83.89,99.56,13.76
696,0.21,-0.09,8.27,99.55,63.91,18.45
697,0.21,-0.09,13.36,90.03,40.66,12.87
698,-1.07,1.17,13.36,59.73,77.45,0.95
699,-1.07,1.17,13.36,22.22,78.87,-11.46
700,-1.07,1.17,13.36,24.75,27.12,-9.69
701,-1.19,1.34,15.65,43.67,-18.88,-2.37
702,-1.19,1.34,15.65,28.31,8.66,2.62
703,-1.19,1.34,15.65,1.93,34.10,-2.35
704,0.25,1.71,13.29,-4.25,26.63,-6.79
705,0.25,1.71,13.29,1.68,20.22,-1.68
706,0.25,1.71,13.29,-4.33,0.73,2.99
707,-0.33,1.78,13.70,-22.29,-3.59,1.34
708,-0.33,1.78,13.70,-37.68,2.29,-2.87
709,-0.33,1.78,13.70,-46.06,-11.99,-6.86
710,-1.48,1.59,15.43,-51.07,-35.45,-7.36
711,-1.48,1.59,15.43,-51.20,-78.82,-3.82
712,-1.48,1.59,15.43,-49.99,-122.94,1.98
713,-1.48,1.59,14.32,-62.93,-124.51,3.75
714,-1.68,1.39,14.32,-68.73,-124.51,5.56
715,-1.68,1.39,14.32,-80.50,-124.51,3.42
716,-1.68,1.39,14.32,-89.85,-124.51,-1.23
717,0.00,0.58,9.30,-99.13,-110.60,-7.20
718,0.00,0.58,9.30,-97.89,-72.23,-11.72
719,0.00,0.58,9.30,-90.61,-46.68,-12.33
720,1.83,-0.93,3.51,-66.29,-37.03,-11.24
721,1.83,-0.93,3.51,-39.67,-25.02,-8.32
722,1.83,-0.93,3.51,-14.22,-7.46,-4.80
723,2.99,-2.04,0.95,0.78,9.50,-3.65
724,2.99,-2.04,0.95,12.16,23.57,-2.70
725,2.99,-2.04,0.95,37.57,42.77,1.99
726,2.80,-1.81,1.48,75.94,63.61,6.03
727,2.80,-1.81,1.48,90.25,53.91,8.16
728,2.80,-1.81,1.48,83.55,33.83,10.88
729,2.80,-1.81,6.74,75.90,60.86,16.51
730,1.88,-0.52,6.74,56.36,123.27,13.30
731,1.88,-0.52,6.74,40.19,124.51,5.90
732,1.88,-0.52,6.74,45.35,122.68,4.91
733,0.13,0.00,10.10,71.73,71.37,14.87
734,0.13,0.00,10.10,83.85,54.46,24.02
735,0.13,0.00,10.10,62.68,58.92,17.26
736,-0.94,0.94,13.01,51.40,81.09,4.92
737,-0.94,0.94,13.01,52.92,49.10,-3.79
738,-0.94,0.94,13.01,45.86,-8.36,-7.25
739,-1.27,1.31,15.50,22.20,-1.47,-5.38
740,-1.27,1.31,15.50,11.22,24.95,-9.59
741,-1.27,1.31,15.50,-4.04,25.29,-15.86
742,-1.27,1.31,15.50,-12.55,1.00,-14.98
743,-0.22,1.47,15.34,-16.70,-33.71,-6.92
744,-0.22,1.47,15.34,-32.67,-43.42,-0.78
745,-0.22,1.47,15.34,-66.18,-41.15,-4.44
746,-0.37,1.81,16.18,-84.88,-66.28,-5.32
747,-0.37,1.81,16.18,-86.92,-112.24,0.66
748,-0.37,1.81,16.18,-97.55,-123.63,5.86
749,-0.96,1.41,14.29,-116.34,-114.35,3.20
750,-0.96,1.41,14.29,-123.73,-95.29,-7.66
751,-0.96,1.41,14.29,-124.46,-90.23,-18.16
752,-0.40,0.30,9.40,-122.03,-91.82,-22.74
753,-0.40,0.30,9.40,-111.11,-109.51,-22.88
754,-0.40,0.30,9.40,-94.05,-100.30,-18.99
755,1.83,-1.10,3.53,-77.41,-74.64,-14.20
756,1.83,-1.10,3.53,-60.08,-52.74,-14.39
757,1.83,-1.10,3.53,-34.08,-26.29,-15.31
758,1.83,-1.10,3.53,-4.10,3.40,-15.68
759,3.07,-2.45,0.29,13.33,12.65,-14.17
760,3.07,-2.45,0.29,24.17,5.76,-7.36
761,3.07,-2.45,0.29,46.30,24.15,4.59
762,3.59,-2.45,1.15,69.62,59.40,12.49
763,3.59,-2.45,1.15,76.01,80.40,11.64
764,3.59,-2.45,1.15,75.88,73.86,10.39
765,2.33,-1.79,4.75,75.50,86.39,14.35
766,2.33,-1.79,4.75,88.90,96.90,21.64
767,2.33,-1.79,4.75,101.50,86.49,23.86
768,0.97,-0.69,8.47,98.95,45.22,17.00
769,0.97,-0.69,8.47,94.29,30.78,14.32
770,0.97,-0.69,8.47,90.29,73.76,17.45
771,0.97,-0.69,8.47,84.34,120.46,16.62
772,0.67,0.67,10.83,78.93,106.85,7.57
773,0.67,0.67,10.83,73.77,15.38,0.14
774,0.67,0.67,10.83,55.37,31.21,2.24
775,-0.49,1.16,14.04,27.15,75.90,0.93
776,-0.49,1.16,14.04,27.47,73.01,-1.20
777,-0.49,1.16,14.04,44.33,8.74,-0.03
778,-0.33,1.23,12.80,40.32,-11.14,4.29
779,-0.33,1.23,12.80,16.66,15.51,4.20
780,-0.33,1.23,12.80,6.98,30.51,1.60
781,-0.18,1.61,12.49,8.07,11.34,1.45
782,-0.18,1.61,12.49,8.42,-12.23,2.80
783,-0.18,1.61,12.49,1.93,-9.79,2.83
784,-0.18,1.61,12.49,-4.68,8.00,1.54
785,-0.24,1.31,10.82,-3.00,4.60,0.41
786,-0.24,1.31,10.82,4.05,-2.35,0.95
787,-0.24,1.31,10.82,4.30,-3.44,1.27
788,-0.44,1.21,9.73,1.68,-0.84,1.24
789,-0.44,1.21,9.73,-0.35,8.42,1.51
790,-0.44,1.21,9.73,-1.08,10.07,0.60
791,-0.57,1.21,9.79,1.23,10.66,0.49
792,-0.57,1.21,9.79,1.10,4.83,0.04
793,-0.57,1.21,9.79,0.52,-2.42,-1.27
794,-0.77,1.25,10.27,-1.24,4.12,-1.31
795,-0.77,1.25,10.27,-2.28,7.41,-1.36
796,-0.77,1.25,10.27,-3.16,5.51,-2.17
797,-0.77,1.25,10.27,-1.33,6.55,-1.22
798,-0.47,1.23,9.87,0.82,-0.56,0.25
799,-0.47,1.23,9.87,0.10,-0.70,-0.11
800,-0.47,1.23,9.87,-1.06,4.22,-1.20
801,-0.49,1.28,10.01,-1.53,2.34,-1.28
802,-0.49,1.28,10.01,-0.01,-1.17,-0.49
803,-0.49,1.28,10.01,0.48,-3.09,0.06
804,-0.48,1.28,10.03,-1.30,-0.76,-0.46
805,-0.48,1.28,10.03,-1.52,0.29,-1.22
806,-0.48,1.28,10.03,-0.82,0.41,-0.71
807,-0.49,1.23,9.98,-1.49,0.13,0.08
808,-0.49,1.23,9.98,-1.14,-3.32,0.40
809,-0.49,1.23,9.98,-0.35,-5.78,-0.81
810,-0.49,1.23,9.94,-0.93,-1.59,-1.25
811,-0.52,1.24,9.94,-1.85,0.59,-1.33
812,-0.52,1.24,9.94,-1.94,-0.93,-0.51
813,-0.52,1.24,9.94,-1.16,-1.67,0.30
814,-0.44,1.23,9.86,-0.09,-2.98,0.05
815,-0.44,1.23,9.86,-0.33,-0.39,-0.04
816,-0.44,1.23,9.86,-1.14,-0.13,-0.20
817,-0.48,1.22,9.88,-0.09,-0.25,-0.36
818,-0.48,1.22,9.88,-0.80,0.33,0.08
819,-0.48,1.22,9.88,-0.89,-2.06,0.27
820,-0.46,1.21,9.94,-0.86,-2.40,0.40
821,-0.46,1.21,9.94,-1.02,0.49,0.51
822,-0.46,1.21,9.94,-0.67,0.27,0.44
823,-0.46,1.14,9.85,-0.66,2.79,0.25
824,-0.46,1.14,9.85,-4.07,4.92,-1.01
825,-0.46,1.14,9.85,-3.44,1.05,-1.36
826,-0.46,1.14,9.85,-0.32,-6.16,-0.54
827,-0.54,1.14,9.98,0.06,-3.53,0.17
828,-0.54,1.14,9.98,-2.63,-1.91,0.54
829,-0.54,1.14,9.98,1.87,-11.10,2.79
830,-0.40,1.22,9.94,8.52,-33.88,5.53
831,-0.40,1.22,9.94,10.31,-32.60,6.41
832,-0.40,1.22,9.94,11.06,-36.49,12.38
833,-0.08,1.35,9.92,45.07,-108.85,30.01
834,-0.08,1.35,9.92,68.87,-124.51,44.48
835,-0.08,1.35,9.92,56.86,-124.51,44.25
836,0.82,1.69,10.39,72.15,-124.51,47.37
837,0.82,1.69,10.39,117.94,-124.51,51.14
838,0.82,1.69,10.39,97.57,-124.51,43.90
839,3.34,2.18,8.32,67.68,-124.51,40.50
840,3.34,2.18,8.32,78.14,-124.51,34.96
841,3.34,2.18,8.32,62.04,-124.51,17.88
842,3.34,2.18,6.37,14.72,-120.17,8.01
843,6.12,2.83,6.37,20.76,-77.70,11.03
844,6.12,2.83,6.37,47.53,-124.51,-1.14
845,6.12,2.83,6.37,14.02,-123.99,-12.76
846,7.26,3.05,5.29,-8.15,-55.63,-4.66
847,7.26,3.05,5.29,16.45,-65.24,-1.34
848,7.26,3.05,5.29,17.60,-124.45,-13.25
849,8.41,3.38,4.62,-11.73,-124.51,-18.95
850,8.41,3.38,4.62,-17.83,-106.25,-2.41
851,8.41,3.38,4.62,-7.62,-82.58,4.17
852,9.23,3.28,2.96,8.31,-49.49,5.03
853,9.23,3.28,2.96,2.34,-70.75,3.80
854,9.23,3.28,2.96,-0.43,-62.22,6.74
855,9.23,3.28,2.11,-2.08,-32.56,13.54
856,9.24,3.26,2.11,-1.82,-18.69,13.88
857,9.24,3.26,2.11,-1.61,-28.75,13.08
858,9.24,3.26,1.70,-3.79,-16.46,14.13
859,9.09,3.16,1.70,-2.85,-15.53,14.69
860,9.09,3.16,1.70,-2.98,-8.89,16.45
861,9.09,3.16,1.70,-1.22,-14.32,12.70
862,9.12,3.00,1.76,-3.01,-35.51,10.85
863,9.12,3.00,1.76,-7.98,-22.84,11.50
864,9.12,3.00,1.76,-5.91,-19.36,10.88
865,9.19,2.85,1.44,-3.07,-11.35,10.37
866,9.19,2.85,1.44,-1.88,-7.02,8.57
867,9.19,2.85,1.44,-1.34,-5.67,6.58
868,9.19,2.64,1.22,-1.96,-3.45,4.77
869,9.01,2.64,1.22,-1.19,-9.72,2.94
870,9.01,2.64,1.22,-3.61,-4.06,4.54
871,9.01,2.64,1.22,-4.31,4.29,5.62
872,9.21,2.61,1.30,0.43,7.34,3.72
873,9.21,2.61,1.30,-1.76,-0.73,1.77
874,9.21,2.61,1.30,-0.24,-2.84,1.56
875,9.20,2.59,1.32,-0.97,7.79,2.30
876,9.20,2.59,1.32,-0.57,-1.58,-0.46
877,9.20,2.59,1.32,-0.97,1.51,-0.12
878,9.29,2.60,1.43,-0.47,-2.43,-0.21
879,9.29,2.60,1.43,-2.68,-1.86,-0.21
880,9.29,2.60,1.43,-2.94,6.62,-0.53
881,9.32,2.62,1.27,-1.56,9.03,0.29
882,9.32,2.62,1.27,-2.74,12.80,3.25
883,9.32,2.62,1.27,0.76,6.46,-0.69
884,9.32,2.62,1.27,-0.96,-7.54,-1.54
885,9.33,2.63,1.36,-2.37,5.78,0.59
886,9.33,2.63,1.36,-0.87,7.44,1.51
887,9.33,2.63,1.36,-1.93,4.67,1.32
888,9.35,2.63,1.42,0.74,8.20,1.85
889,9.35,2.63,1.42,-0.72,-0.21,0.47
890,9.35,2.63,1.42,-0.85,-3.41,0.97
891,9.26,2.62,1.52,-2.17,-1.12,0.75
892,9.26,2.62,1.52,-0.55,8.05,0.28
893,9.26,2.62,1.52,-1.15,13.13,0.31
894,9.26,2.62,1.52,-0.56,17.64,3.02
895,9.23,2.59,1.44,0.86,-5.30,-0.93
896,9.23,2.59,1.44,-1.49,0.76,0.08
897,9.23,2.59,1.44,-0.52,8.10,-0.50
898,9.28,2.60,1.65,-2.06,21.30,1.57
899,9.28,2.60,1.65,-2.05,25.22,2.26
900,9.28,2.60,1.65,1.77,-5.54,-2.39
901,9.17,2.58,1.64,-1.29,-1.33,-1.06
902,9.17,2.58,1.64,-3.90,14.72,-0.24
903,9.17,2.58,1.64,-8.27,36.15,3.04
904,9.43,2.62,1.68,-24.84,95.72,10.70
905,9.43,2.62,1.68,-43.11,124.51,19.90
906,9.43,2.62,1.68,-34.17,124.51,18.17
907,8.80,2.39,2.07,-27.99,124.51,10.54
908,8.80,2.39,2.07,-49.31,124.51,12.61
909,8.80,2.39,2.07,-68.67,124.51,25.20
910,8.80,2.39,2.07,-78.97,124.51,30.61
911,8.54,2.32,5.56,-79.66,124.51,29.49
912,8.54,2.32,5.56,-89.08,124.51,25.08
913,8.54,2.32,5.56,-104.51,124.51,23.86
914,5.25,1.03,7.58,-109.08,124.51,25.70
915,5.25,1.03,7.58,-114.74,124.51,20.54
916,5.25,1.03,7.58,-121.97,124.51,7.28
917,0.66,-0.18,8.48,-119.07,124.51,-4.15
918,0.66,-0.18,8.48,-108.52,124.51,-14.03
919,0.66,-0.18,8.48,-121.36,124.51,-27.71
920,-5.42,-1.45,8.26,-124.48,124.51,-44.61
921,-5.42,-1.45,8.26,-118.70,124.51,-49.32
922,-5.42,-1.45,8.26,-82.29,124.51,-45.96
923,-5.42,-2.56,5.35,-80.42,124.51,-36.47
924,-9.56,-2.56,5.35,-80.16,124.51,-32.64
925,-9.56,-2.56,5.35,-72.36,124.51,-37.28
926,-9.56,-2.56,5.35,-73.02,124.51,-30.08
927,-10.25,-3.33,1.89,-54.26,124.51,-22.23
928,-10.25,-3.33,1.89,-36.16,122.07,-23.37
929,-10.25,-3.33,1.89,-33.72,113.03,-23.64
930,-10.07,-3.84,-0.48,-33.49,95.24,-17.75
931,-10.07,-3.84,-0.48,-35.67,105.00,-9.23
932,-10.07,-3.84,-0.48,-40.39,88.52,-5.38
933,-8.82,-3.66,-1.87,-24.35,66.63,-6.98
934,-8.82,-3.66,-1.87,-20.62,60.45,0.19
935,-8.82,-3.66,-1.87,-24.87,49.93,6.41
936,-8.59,-3.60,-2.49,-27.62,46.93,2.06
937,-8.59,-3.60,-2.49,-22.34,52.16,2.14
938,-8.59,-3.60,-2.49,-13.00,42.65,8.98
939,-8.59,-3.44,-2.93,-22.19,32.21,14.44
940,-8.20,-3.44,-2.93,-23.87,2.15,15.71
941,-8.20,-3.44,-2.93,-16.38,15.93,12.39
942,-8.20,-3.44,-2.93,0.05,-1.06,11.24
943,-8.92,-3.59,-3.59,4.39,-22.69,13.53
944,-8.92,-3.59,-3.59,7.20,-51.33,19.19
945,-8.92,-3.59,-3.59,7.87,-83.05,21.10
946,-8.90,-3.18,-2.72,8.25,-112.28,25.81
947,-8.90,-3.18,-2.72,23.08,-124.51,26.93
948,-8.90,-3.18,-2.72,26.18,-124.51,35.14
949,-9.89,-3.00,-1.38,39.13,-124.51,47.39
950,-9.89,-3.00,-1.38,56.33,-124.51,54.32
951,-9.89,-3.00,-1.38,56.38,-124.51,61.36
952,-10.04,-2.54,0.57,97.34,-124.51,62.85
953,-10.04,-2.54,0.57,104.25,-124.51,53.00
954,-10.04,-2.54,0.57,124.34,-124.51,56.46
955,-10.57,-2.03,4.22,124.51,-124.51,67.52
956,-10.57,-2.03,4.22,124.51,-124.51,61.73
957,-10.57,-2.03,4.22,124.51,-124.51,50.14
958,-10.57,-2.03,4.22,124.51,-124.51,50.82
959,-7.25,-0.25,7.50,124.51,-124.51,55.77
960,-7.25,-0.25,7.50,124.51,-124.51,41.17
961,-7.25,-0.25,7.50,124.51,-124.51,35.34
962,-3.46,1.66,7.89,124.51,-124.51,30.55
963,-3.46,1.66,7.89,124.51,-124.51,27.98
964,-3.46,1.66,7.89,124.51,-124.51,6.27
965,-0.69,4.66,9.19,124.51,-124.51,-0.86
966,-0.69,4.66,9.19,124.51,-123.45,8.06
967,-0.69,4.66,9.19,124.51,-124.51,5.93
968,1.76,6.70,8.45,124.51,-111.36,-4.03
969,1.76,6.70,8.45,124.51,-100.69,-13.73
970,1.76,6.70,8.45,124.51,-101.76,-16.69
971,1.76,6.70,8.45,124.51,-98.61,-8.67
972,2.28,7.41,6.01,124.43,-79.14,-19.68
973,2.28,7.41,6.01,124.44,-81.65,-26.07
974,2.28,7.41,6.01,124.51,-114.38,-17.40
975,2.15,8.42,4.70,124.51,-94.32,-21.32
976,2.15,8.42,4.70,124.51,-70.60,-38.98
977,2.15,8.42,4.70,124.17,-72.68,-57.78
978,1.60,9.28,3.73,123.31,-71.24,-58.04
979,1.60,9.28,3.73,113.68,-79.61,-53.47
980,1.60,9.28,3.73,103.72,-68.46,-51.53
981,2.56,9.67,2.83,90.96,-69.51,-52.77
982,2.56,9.67,2.83,87.64,-70.22,-53.53
983,2.56,9.67,2.83,94.51,-64.81,-52.28
984,2.56,9.67,2.83,89.25,-56.68,-44.49
985,1.91,9.20,1.01,76.82,-54.47,-39.38
986,1.91,9.20,1.01,67.78,-51.93,-36.88
987,1.91,9.20,1.01,57.89,-42.52,-27.44
988,1.40,10.97,0.57,50.34,-44.68,-20.44
989,1.40,10.97,0.57,35.55,-41.06,-19.17
990,1.40,10.97,0.57,26.90,-26.87,-22.51
991,1.15,10.96,-0.20,25.39,-24.56,-23.14
992,1.15,10.96,-0.20,20.89,-23.76,-15.17
993,1.15,10.96,-0.20,11.37,-20.73,-4.33
994,1.55,10.76,-0.86,8.52,-4.48,-1.43
995,1.55,10.76,-0.86,0.85,3.93,-4.31
996,1.55,10.76,-0.86,-16.89,11.99,-1.45
997,1.55,10.76,-0.60,-27.21,5.85,6.49
998,1.33,11.08,-0.60,-30.62,4.94,7.70
999,1.33,11.08,-0.60,-47.73,6.43,5.56
